Code,Produkte,Kategorie,Unit,Quantity,Weight/Unit (kg),Total (kg),Minimum,Maximum,Kosten/Unit (CHF),Total Wert (CHF),Lieferant,Letzte Bestellung,Notizen
-273930,Schlangen Bohnen TH 500g BTL,,BTL,,,,,,7.03,,The Asia Company SA,2026-04-01,
230,Zwiebeln rot 1KG,Wok,KG,,,,,,2.6,,Kellenberger,2026-04-01,
276,Bananen gelb/grün Nr.5 Krt à 9 KG,Wok,KG,,1,,,,2.69,,Kellenberger,,
496,"Apfel Golden-Delic. II. 65-85mm, 1kg",Wok,KG,,1,,,,1.71,,Kellenberger,,
749,Zitronen IFC 1kg,Service,KG,,1,,,,3.33,,Kellenberger,,
756,"Auberginen Krt. 6kg, KG",Wok,KG,,1,,,,2.94,,Kellenberger,,
762,Auberginen Thai weiss KG,Wok,KG,,1,,,,35.83,,Kellenberger,,
764,Blumenkohl 1kg,Wok,KG,,1,,,,5.36,,Kellenberger,,
775,Broccoli IFC 1KG,Wok,KG,,1,,,,5.79,,Kellenberger,,
783,"Chinakohl >250g < 850g IFC 7KG, 1kg",Wok,KG,,1,,,,3.46,,Kellenberger,,
794,Rotkabis gross 1KG,Sushi,KG,,,,,,2.35,,Kellenberger,2026-04-01,
806,Kefe fein (frisch) 250g Schale,Wok,SCH,,,,,,4.4,,Kellenberger,2026-04-01,
819,"Lattich IFC 2KG, KG",Wok,KG,,,,,,4.6,,Kellenberger,2026-04-01,
828,Pak-Choi 1KG,Wok,KG,,,,,,5.04,,Kellenberger,2026-04-01,
831,Peperoni rot 1kg,Nooch,KG,,1,,,,3.99,,Kellenberger,,
832,Peperoni gelb 1kg,Wok,KG,0,,,,,4.33,,Kellenberger,2026-04-01,
845,Randen roh >200g <450g,Nooch,KG,,1,,,,2.47,,Kellenberger,,
912,Cipolotti (Frühlingszwiebeln) 1 Bund ( ASIA > Nur bei Notfällen bestellen!),Nooch,BUN,,,,,,1.82,,Kellenberger,2026-04-01,
916,"Eisbergsalat Cello Krt. 5KG, KG",Nooch,KG,,1,,,,4.03,,Kellenberger,,
930,"Lollo grün 3kg IFCO, KG",Nooch,IFC,1,3,,1,2,5.25,,Kellenberger,,
939,Radieschen Bund,Sushi,BND,,,,,,1.54,,Kellenberger,,
946,"Spinat fein, offen und ungewaschen (in 100g Einheiten bestellbar)",Wok,Prt à 100 G,,,,,,0.01,,Kellenberger,2026-04-01,
961,Cherry-Tomaten Schle 250g,Nooch,SCH,0,0.25,,5,20,1.96,,Kellenberger,,Kühl lagern
987,Basilikum Thai 100g BTL (bis 15.00 Uhr),Wok,BTL,,0.1,,,,3.92,,Kellenberger,,
1002,Dill 100g,Sushi,BTL à 100 G,,0.1,,,,3,,Kellenberger,,
1011,Koriander 100g Btl,Nooch,BTL,,0.1,,,,3.75,,Kellenberger,,
1029,Peperoncini rot 1Kg,Wok,KG,,,,,,11.06,,Kellenberger,2026-04-01,
1090,Schnittlauch Hotel 100g Bund,Sushi,BND,,,,,,3.86,,Kellenberger,2026-04-01,
1112,Karotten gross IFC 10Kg,Nooch,KG,,1,,,,1.58,,Kellenberger,,
1141,Bohnen Long Beans Thai 1kg,Wok,KG,,1,,,,31.49,,Kellenberger,,
1148,Granatäpfel pro Stück,Nooch,STK,,,,,,1.68,,Kellenberger,2026-04-01,
1161,Limes (ab 4.5kg wird kein Anbrauch verrechnet) KRT à 4.5 Kg,Wok,KRT,,5,,,,18.59,,Kellenberger,,
1169,Mango angereift extra gross STK,Nooch,STK,,,,,,3.47,,Kellenberger,2026-04-01,
1178,Papaya Gemüsepapaya 4kg KRT,Wok,KRT à 4 KG,1,4,,,,83.56,,Kellenberger,,
1179,Physalis Schale 12Stk,Dessert,SCH,,,,,,2.13,,Kellenberger,2026-04-01,
1202,Zitronengras / BTL à 100g,,BTL,,,,,,1.4,,Stutzer Service AG (Frischprodukte aus Thailand 1 Woche im Voraus bestellen),2026-04-01,
1202,Zitronengras ganz (1 Woche Vorbestellung),,kg,,,,,,13.5,,The Asia Company SA,2026-04-01,
1360,Rettich ganz STK,Nooch,STK,,1,,,,2.13,,Kellenberger,,
1375,Gurken pro Stück /Gewicht Gurke ca. 300-400g,Nooch,STK,,0.4,,,,2.18,,Kellenberger,,
1700,FWG Erdnüsse gehackt 1.2kg Beutel,,BTL,,,,,,12.09,,The Asia Company SA,2026-04-01,
1702,FWG Pad Thai 2 Vegan / KRT à 10x1.2kg Beutel,,KRT à 10 BTL,,,,,,122.4,,The Asia Company SA,2026-04-01,
1703,FWG Seasoning Vegan / KRT à 10x1.2kg Beutel,,KRT à 10 BTL,,,,,,102.9,,The Asia Company SA,2026-04-01,
1704,FWG Panang Currysauce 10x1.2kg BTL,,KRT à 10 BTL,,,,,,111.4,,The Asia Company SA,2026-04-01,
1705,FWG Grüne Currysauce Vegan / KRT à 10x1.2kg Beutel,,KRT à 10 BTL,,,,,,118.4,,The Asia Company SA,2026-04-01,
1706,FWG Sweet & Sour Sauce Nooch / KRT à 10x1.2kg Beutel,,KRT à 10 BTL,,,,,,66.9,,The Asia Company SA,2026-04-01,
1709,FWG TK - Asia Pesto 8x600gr,,KRT,,,,,,133.85,,The Asia Company SA,2026-04-01,
1710,FWG Gyudon Hack Beutel à 1.2kg,,BTL,,,,,,23.94,,The Asia Company SA,2026-04-01,
1711,FWG Bargen Curry Sauce 2 10x1.2kg BTL,,KRT à 10 BTL,,,,,,113.4,,The Asia Company SA,2026-04-01,
1715,FWG TK Topping Shitake Vegan / KRT à 8x0.6kg Beutel,,KRT à 8 BTL,,,,,,94.88,,The Asia Company SA,2026-04-01,
1718,FWG TK Nam Yam (Chili Dressing) / KRT à 8x1.2kg Beutel,,KRT à 6 BTL,,,,,,89.94,,The Asia Company SA,2026-04-01,
1719,FWG TK Hot Sweet & Sour Vegan / KRT à 8x1.2kg Beutel,,KRT à 6 BTL,,,,,,94.74,,The Asia Company SA,2026-04-01,
1720,FWG TK Katsu Curry Sauce / KRt à 6x1.2kg Beutel,,KRT à 6 BTL,,,,,,66,,The Asia Company SA,2026-04-01,
1721,FWG TK - Spicy Katsu Sauce / KRT à 6x1.2kg Beutel,,KRT à 6 BTL,,,,,,66,,The Asia Company SA,2026-04-01,
1747,FWG Zitronen Dressing 1.2kg BTL,,BTL,,,,,,7.94,,The Asia Company SA,2026-04-01,
1749,FWG TK Sesampaste 12x0.6kg BTL,,KRT à 12 BTL,,,,,,81.84,,The Asia Company SA,2026-04-01,
1769,FWG Miso Veginaise 1.2kg BTL,,BTL,,,,,,11.74,,The Asia Company SA,2026-04-01,
1771,FWG Hokkaido Satay Sauce 10x1.2kg,Wok,10 BTL,,12,,,,139.4,,The Asia Company SA,,
1774,FWG Miso Carbonara / KRT à 10 x 1.2KG,,KRT à 10 BTL,,,,,,159.4,,The Asia Company SA,2026-04-01,
1782,FWG Brine nature / KRT à 10x1.2kg Beutel,,KRT à 10 BTL,,,,,,65.4,,The Asia Company SA,2026-04-01,
1785,FWG Salsa Chipotle / Beutel à 1.2kg,,BTL,,,,,,109.5,,The Asia Company SA,2026-04-01,
1940,FWG TK Tiramisu Macha / KRT à 20 STK (2500g),,KRT à 20 STK,,,,,,66.6,,The Asia Company SA,2026-04-01,
1943,FWG TK Gyoza Poulet KT 200 STK à 20g,,KRT à 200 STK,,,,,,96,,The Asia Company SA,2026-04-01,
1944,FWG TK Gyoza Shrimps KT 200 STK ca 20g,,KRT à 200 STK,,,,,,116,,The Asia Company SA,2026-04-01,
2249,SHAO XING Reiswein 14% Vol. Alc. 6x750ml,,KRT à 6 FL,,,,,,26.22,,The Asia Company SA,2026-04-01,
3003,FARMER Reisnudeln XL 10mm - KRT à 34x 400g,,KRT,,,,,,49.3,,The Asia Company SA,2026-04-01,
3018,Fresh Rice Vermicelli - BAMBOO TREE/PACK 400gr,,PAK,,,,,,2.1,,The Asia Company SA,2026-04-01,
3021,HOW HOW Reisnudeln M 3 mm 30x500gr BTL,,KRT à 30 BTL,,,,,,45,,The Asia Company SA,2026-04-01,
3152,Reisblätter eckig BAMBOO TREE 22x22cm 36x400g BTL,,PAK,,,,,,1.96,,The Asia Company SA,2026-04-01,
3236,FARMER Reismehl 400g,,BTL,,,,,,1.5,,The Asia Company SA,2026-04-01,
3276,Farmhouse Brotkrümmel (Panko) 6x1kg,,KRT à 6 KG,,,,,,41.4,,The Asia Company SA,2026-04-01,
3301,Tempura Mehl GOGI 24x500g BTL,,KRT à 24 BTL,,,,,,57.6,,The Asia Company SA,2026-04-01,
3316,"Kartoffeln Butcher, Kalibrierung 50-65, Stärkegehalt 13-16%",Nooch,KG,,1,,,,2.04,,Kellenberger,,
3378,MAE KRUA Austernsauce / 3x 4.5kg Bidon,,KRT à 3 BID,,,,,,40.44,,The Asia Company SA,2026-04-01,
3428,TIPAROS Fischsauce / KRT à 12x700ml FL,,KRT à 12 FL,,,,,,21.6,,The Asia Company SA,2026-04-01,
3432,Mungbohnen 1kg (Sojasprossen),Wok,BTL,,,,,,5.1,,Kellenberger,2026-04-01,
3435,Basilikum Thai Bund 40g,Wok,BND,,0.04,,,,1.97,,Kellenberger,,
3493,PRB Soja Sauce Dunkel KRT 2x8l Flasche,,KRT à 2 BID,,,,,,47.4,,The Asia Company SA,2026-04-01,
3494,PRB Dispenser Sojasauce Less Salt & Glutenfree 150ml FL (Shop) / KRT à 24x150ml,,KRT à 24 FL,,,,,,42,,The Asia Company SA,2026-04-01,
3495,PRB Sojasauce Less Salt & Glutenfrei 20lt Bidon,,BID,,,,,,47.95,,The Asia Company SA,2026-04-01,
3496,FWG Dispenser Soja Sauce Less Salt & Glutenfrei 24x150ml FL (ohne Etikette),,KRT à 24 FL,,,,,,42,,The Asia Company SA,2026-04-01,
3497,FWG Soja Sauce Less Salt & Glutenfrei Portionen / KRT à 750x10ml BTL,,KRT,,,,,,130.5,,The Asia Company SA,2026-04-01,
3508,KIKKOMAN Ponzu Sauce / KRT à 6x1l FL,,KRT à 6 FL,,,,,,63,,The Asia Company SA,2026-04-01,
3530,Otafuku Poke Sauce 6 x 971ml FL,,KRT à 6 FL,,,,,,55.2,,The Asia Company SA,2026-04-01,
3532,MOMOYA Layu Gewürzmischung in Öl / BTL à 800g,,BTL,,,,,,24.5,,The Asia Company SA,2026-04-01,
3533,MOMOYA Layu Gewürzmischung in Öl 6x110g,,KRT à 6 BTL,,,,,,20.22,,The Asia Company SA,2026-04-01,
3555,3555 LKK Chili Öl FL 207ml,,FL,,,,,,4.8,,The Asia Company SA,2026-04-01,
3557,Black Bean Garlic Sauce LKK 368g GLA,,GLA,,,,,,2.7,,The Asia Company SA,2026-04-01,
3579,Stiefmütterchen violett Schale,Sushi,SCH,,,,,,5.83,,Kellenberger,2026-04-01,
3603,FLOWER BRAND Sambal Oelek 10kg Eimer,,BID,,,,,,28.5,,The Asia Company SA,2026-04-01,
3638,UNI EAGLE Sriracha Hot Chili Sauce 815gr FL,,FL,,,,,,3.61,,The Asia Company SA,2026-04-01,
3639,UNI EAGLE Sriracha Mayo Sauce 800ml FL,,FL,,,,,,4.64,,The Asia Company SA,2026-04-01,
3656,CHUA HAH SENG Sweet Chili Sauce / Bidon à 6.3kg,,BID,,,,,,35.7,,The Asia Company SA,2026-04-01,
3672,DAISHO Teriyaki Sauce 6x2L,,KRT à 6 FL,,,,,,89.1,,The Asia Company SA,2026-04-01,
4007,LOBO Tom Kha Paste 400g DS,,DS,,,,,,5.46,,The Asia Company SA,2026-04-01,
4012,FOODEX Tamarinden Konzentrat 454g Dose,,DS,,,,,,3.4,,The Asia Company SA,2026-04-01,
4027,FWG Veginaise mit Rapsöl 8x1kg,,KRT à 8 BTL,,,,,,65.92,,The Asia Company SA,2026-04-01,
4042,EAGLOBE Sternanis getrocknet 1kg BTL,,BTL,,,,,,14.5,,The Asia Company SA,2026-04-01,
4065,NANG FA Brand Frittierte Schalotten 1kg DS,,DS,,,,,,29,,The Asia Company SA,2026-04-01,
4066,NANG FA Brand Frittierter Knoblauch 6x1kg Dose,,KRT à 6 DS,,,,,,107.04,,The Asia Company SA,2026-04-01,
4070,Soda Pulver / BTL à 2kg,,BTL à 2 KG,,,,,,12.9,,The Asia Company SA,2026-04-01,
4083,S&B Shichimi Togarashi Chili Würzpulver / BTL à 300g,,BTL,,,,,,5.5,,The Asia Company SA,2026-04-01,
4138,ASIA CUISINE Sesamsamen weiss KUKI geröstet / BTL à 1kg,,BTL,,,,,,6.4,,The Asia Company SA,2026-04-01,
4139,ASIA CUISINE Sesamsamen schwarz KUKI geröstet / BTL à 1kg,,BTL,,,,,,7.1,,The Asia Company SA,2026-04-01,
4155,URASHOMA Wasabi Furikake / KRT à 10x500g,,KRT à 10 PAK,,,,,,119,,The Asia Company SA,2026-04-01,
4191,Lobo - Roast red Pork Seasoning Mix - Beutel à 100g,,BTL,,,,,,1.1,,The Asia Company SA,2026-04-01,
4202,Speiseessig TH 12x1l FL,,KRT à 12 FL,,,,,,30.96,,The Asia Company SA,2026-04-01,
4205,QIN PAGODA Chinkiang schwarzer Essig / Flasche à 600g,,STK,,,,,,2.6,,The Asia Company SA,2026-04-01,
4249,ASIA CUISINE Sesam Öl 100% / KRT à 6x2.5lt Flaschen,,KRT à 6 FL,,,,,,172.5,,The Asia Company SA,2026-04-01,
4331,MISUZU Inari Tofutaschen 7.8x5cm 2x10x490g (30 Stück / 490gr Beutel),,KRT à 20 BTL,,,,,,105,,The Asia Company SA,2026-04-01,
4346,ASIA CUISINE Premium Nori Blätter half cut (Korea) / KRT. à 10x250g (200 Blätter pro Beutel),,KRT à 10 BTL,,,,,,161,,The Asia Company SA,2026-04-01,
4347,ASIA CUISINE Nori Blätter PREMIUM ganz (Korea) 10x250gr (200 Blätter pro Beutel),,KRT à 10 BTL,,,,,,96.6,,The Asia Company SA,2026-04-01,
4366,DAICHU Wakame Algen geschnitten / KRT à 20x200gr,,BTL,,,,,,7.5,,The Asia Company SA,2026-04-01,
4393,NINBEN Kombu Tsuyu Suppenbasis Vegan - Flasche à 1 Liter,,KRT à 12 FL,,,,,,90.6,,The Asia Company SA,2026-04-01,
4407,Tonkatsu Sauce Bulldog / Flasche à 1.8 Liter,,FL,,,,,,9.6,,The Asia Company SA,2026-04-01,
4411,FWG HANABI Süsse Sojasauce Shoda 6x150ml FL (Shop),,KRT à 6 FL,,,,,,16.62,,The Asia Company SA,2026-04-01,
4415,KOKONOE Hon Mirin Premium 14.5% Vol. Alc. FL à 500ml,,FL,,,,,,8.85,,The Asia Company SA,2026-04-01,
4424,Avocados vollreif Hass Krt 16 STK,Sushi,STK,,,,,,1.55,,Kellenberger,,Ohne Kerne und Haupt
4566,SHINSHUICHI Miso Paste hell Shirokoshi 10x1kg Beutel,,KRT à 10 KG,,,,,,45,,The Asia Company SA,2026-04-01,
4572,FWG Eingelegter Ingwer weiss 10g Portion / KRT à 10x1kg (100x10g),,KRT,,,,,,93.4,,The Asia Company SA,2026-04-01,
4576,ASIA CUISINE Eingelegter Ingwer weiss 10x1.5kg BTL,,KRT à 15 KG,,,,,,61.95,,The Asia Company SA,2026-04-01,
4581,KIMURA Eingelegter Rettich TAKUAN - BTL à350g,,BTL,,,,,,3.3,,The Asia Company SA,2026-04-01,
4590,KANEKU Ajitsuke Kampyo Kürbisstreifen Beutel à 1kg,,BTL,,,,,,179.2,,The Asia Company SA,2026-04-01,
4645,Blaubeeren CH 250g SCH,Dessert,SCH,,0.25,,,,5.19,,Kellenberger,,
4673,FWG Wasabi Paste / KRT à 6x500 STK (2.5g),,KRT à 6 BTL,,,,,,150,,The Asia Company SA,2026-04-01,
4676,ASIA CUISINE Wasabi Pulver ohne Farbstoff / KRT à 10x1kg,,KRT à 10 KG,,,,,,98,,The Asia Company SA,2026-04-01,
4680,SHIMAYA Dashi Würzpulver 1kg DS,,DS,,,,,,15.5,,The Asia Company SA,2026-04-01,
4683,WADAKYU Katsuobushi Bonito Flocken - BTL à 500g,,BTL,,,,,,33.45,,The Asia Company SA,2026-04-01,
4730,MORI-NU Tofu fest / KRT à 12x307g Stück,,KRT à 12 STK,,,,,,26.4,,The Asia Company SA,2026-04-01,
4848,TAC Cashew Nüsse ganz 1kg BTL,,BTL,,,,,,15.5,,The Asia Company SA,2026-04-01,
4858,EAGLOBE Black (Muh-Err Pilze) Fungus à 1KG,,KG,,,,,,20.1,,The Asia Company SA,2026-04-01,
4862,EAGLOBE Shitake Pilze getrocknet / KRT à 4x3kg Beutel,,BTL à 4 BTL,,,,,,72.68,,The Asia Company SA,2026-04-01,
4915,SA GIANG Prawncrackers nature - BTL à 1kg,,BTL,,,,,,6.7,,The Asia Company SA,2026-04-01,
5201,TAC Ananas Scheiben in Sirup Dosen à 6 x 3035g,,KRT à 6 DS,,,,,,34.02,,The Asia Company SA,2026-04-01,
5202,TAC Ananas Stücke in Sirup / KRT à 6 Dosen,,KRT à 6 DS,,,,,,33,,The Asia Company SA,2026-04-01,
5527,MITR PHOL Palmzucker - Beutel à 1kg,,BTL,,,,,,2.45,,The Asia Company SA,2026-04-01,
5575,Kartoffelstärke Sack à 25 KG,,SAC,,,,,,48.41,,The Asia Company SA,2026-04-01,
5698,ASIA CUISINE Jasmin Reis 100% Thai Hom Mali 25kg Sack,,SAK à 25 KG,,,,,,35,,The Asia Company SA,2026-04-01,
5726,SAWAT-D Thai rot langkorn Reis 12x1kg,,KRT à 12 KG,,,,,,66,,The Asia Company SA,2026-04-01,
5730,VIGONLA Sushi Reis KRT à 1x10kg,,KRT à 10 KG,,,,,,1.87,,The Asia Company SA,2026-04-01,
7130,SELVA Blacktiger Shrimp geschält & entdarmt 21/25 10x1kg Pack,,KRT à 10 KG,,,,,,208,,The Asia Company SA,2026-04-01,
7507,Lachsfilet ASC Karton à ca. 10-14kg (1.0-1.4kg pro Filet ohne Haut),,KRT à 12 KG,,,,,,240.12,,The Asia Company SA,2026-04-01,
7564,SELVA 4L Sushi EBI Crevetten / KRt à 20x180g Schalen,,KRT à 20 SCH,,,,,,177.2,,The Asia Company SA,2026-04-01,
7572,SHIRAKIKU Goma Wakame Salat 12x1kg BTL,,KRT à 12 BTL,,,,,,92.76,,The Asia Company SA,2026-04-01,
7575,ASIA CUISINE MSC Surimi Maki Stick 18cm / KRT à 10x1kg Schalen,,KRT à 10 BTL,,,,,,53,,The Asia Company SA,2026-04-01,
7650,TK PLANTED Chicken Nature 4x2kg,,KRT à 8 KG,,,,,,139.2,,The Asia Company SA,2026-04-01,
8072,FWG SELVA Japan Tempura EBI ohne Schwanz KRT à 4x1800gr (Schalen),,KRT à 4 SCH,,,,,,173.64,,The Asia Company SA,2026-04-01,
8369,TASTY Udon Nudeln Sanuki Style - 8x1150gr ( 5x230gr Portionen ) KRT à 9.2kg,,KRT à 9 KG,,,,,,42.3,,The Asia Company SA,2026-04-01,
8370,TASTY Ramen Nudeln TK - 9x1000gr (5x200gr Portionen),,KRT à 9 KG,,,,,,44.55,,The Asia Company SA,2026-04-01,
8371,TASTY Biang Biang Nudeln 9x1000gr (5x200gr Portionen),Nooch,KRT à 9 KG,,9,,,,54.9,,The Asia Company SA,,
8384,TAC Ramen Nudeln Sapporo Style TK / KRT à 10kg (10x8x125g),,KRT à 10 KG,,,,,,85.6,,The Asia Company SA,2026-04-01,
8396,FWG TK ASIA CUISINE Frühlingsrollen MINI 20gr Gemüse 4x1.5kg BTL (75x20g),,KRT à 4 BTL,,,,,,34.92,,The Asia Company SA,2026-04-01,
8410,AJINOMOTO Gyoza Apfel - KRT à 12x400g (20x20g),,KRT,,,,,,66,,The Asia Company SA,2026-04-01,
8460,Wonton Teig (vegi) - HO HO / Beutel à 250g,,BTL,,,,,,2.3,,The Asia Company SA,2026-04-01,
8508,TILIZ Mochi Sakura - 45x35g Flow Pack,Dessert,KRT,,1.575,,,,40.5,,The Asia Company SA,,
8509,TILIZ Mochi Matcha Tea - 45x35g Flow Pack,Dessert,KRT,,1.575,,,,40.5,,The Asia Company SA,,
8511,TILIZ Mango & Passion Fruits VEGAN - 12x210g (6x35g Pack),,KRT,,,,,,64.8,,The Asia Company SA,2026-04-01,
8512,TILIZ Mochi Chocolat - 12x210g (6x35g Pack),Dessert,KRT,1,2.52,,,,64.8,,The Asia Company SA,,
8515,TILIZ Mochi Yuzu & Lime VEGAN - 12x210g (6x35g Pack),Dessert,KRT,,2.52,,,,64.8,,The Asia Company SA,,
8540,KURO GOMA Glace mit schwarzem Sesam 2x 2.45 Liter,,KRT à 2 BID,,,,,,27.16,,The Asia Company SA,2026-04-01,
8951,Kaffirlimettenblätter TK 24x100g BTL,,KRT à 24 BTL,,,,,,64.32,,The Asia Company SA,2026-04-01,
8969,ASIAN CHOICE Zitronengras gehackt / KRT à 20x250g Beutel,,KRT à 20 BTL,,,,,,30,,The Asia Company SA,2026-04-01,
8972,ASIAN CUSINE Edamame ganz & gekocht / KRT à 10x1kg Beutel,,KRT à 20 BTL,,,,,,10.8,,The Asia Company SA,2026-04-01,
8973,ASIAN CUISINE Edamame geschält & gekocht / KRT 10x1kg Beutel,,KRT à 20 BTL,,,,,,13,,The Asia Company SA,2026-04-01,
12065,Eierpflanzen weiss Thai Aubergine / Schale à 500g,,SCH,,,,,,7.7,,Stutzer Service AG (Frischprodukte aus Thailand 1 Woche im Voraus bestellen),2026-04-01,
12083,Gemüse Papaya Herkunft Thailand 1kg,,KG,,,,,,13.2,,Stutzer Service AG (Frischprodukte aus Thailand 1 Woche im Voraus bestellen),2026-04-01,
18713,Lachs geräuchert Lostallo geschnitten CH,Sushi,KG,,,,,,68.5,,G. Bianchi AG,2026-04-01,
20103,Reismehl STAR LION 500g BTL,,BTL,,,,,,1.53,,Stutzer Service AG,2026-04-01,
21051,Salatdressing KABUKI Black Sesame 12x75cl FL,,KRT à 12 FL,,,,,,102.6,,Stutzer Service AG,2026-04-01,
21404,Reisessig mit Reisextrakt MIZKAN 20lt BID,,KRT,,,,,,55.35,,Stutzer Service AG,2026-04-01,
24225,Eingelegter Ingwer weiss / KRT à 60 Beutel (3x20x100g) (Shop),,KRT à 60 BTL,,,,,,79.2,,Stutzer Service AG,2026-04-01,
26101,Reis Popper/ Rice Cracker BUBU ARARE 0.5 KG BTL,,BTL,,,,,,21.57,,Stutzer Service AG,2026-04-01,
26181,Erbsen Wasabi KO KAE 36x85g BTL (Shop),,BTL,,,,,,57.6,,Stutzer Service AG,2026-04-01,
30152,Lollo grün Blatt gerüstet 500g BTL (vorbestellen 15.00Uhr),Nooch,BTL,,0.5,,,,6.85,,Kellenberger,,
30729,Poulet Brust ohne Haut Pack à 2.2 kg CH assortiert 130/170 g,Wok,SCH,,,,,,39.16,,G. Bianchi AG,2026-04-01,
30988,Granatapfelkern 500g BTL,Nooch,BTL,,0.5,,,,13.38,,Kellenberger,,
31075,Poulet Oberschenkel Steak mit Haut / Schale à 2.5 kg,Wok,SCH,,,,,,31.6,,G. Bianchi AG,2026-04-01,
31078,TK Poulet Brust gebraten CH 2 x 2.5 kg,Nooch,KRT à 5 KG,1,5,,,,26.9,,G. Bianchi AG,,Tiefkühlzelle
31323,Poulet Brust Stroganoff FWG CH 4 x 2.5 kg,Wok,KRT à 10 KG,,2.5,,,,19.95,,G. Bianchi AG,,
31368,TK Gyoza Vegetaria VN 6 x 1 kg ( 50 x 20g ),Wok,KRT à 6 KG,2,6,,1,3,65.4,,G. Bianchi AG,,
31518,Karotten Julienne 1.6mm 1Kg (bis 08:30 bestellen),Nooch,KG,,1,,,,4.32,,Kellenberger,,
31592,Karotten Julienne 3.2mm 1 kg BTL (bis 8:30 Uhr bestellen),Nooch,BTL,,1,,,,3.35,,Kellenberger,,
31834,Knoblauch geschält 500g,Wok,DS,,,,,,10.14,,Kellenberger,2026-04-01,
31844,Rote Zwiebeln geschält SAC 5KG (bis 15.00 Uhr),Wok,SAC,,5,,,,32.8,,Kellenberger,,
31929,Lauch Julienne 2mm 1kg,Wok,BTL,,,,,,12.88,,Kellenberger,2026-04-01,
31980,Kokos Natur Joguhrt 6x100g Becher,Sushi,KRT à 6 BEC,,0.6,,,,7.38,,Kellenberger,,
35504,Poulet Yakitori Spiessli Curry FWG CH 50x35g vac. (MO-FR vorbstellen bis 15 Uhr) (aufgetaut),Wok,SCH,1,1.75,,,,36.4,,G. Bianchi AG,,50 Stk x 35g
36642,Tofu Natur Bio 1kg,Nooch,STK,,1,,,,12,,Kellenberger,,
36886,BRUN Zwiebeln rot Ringe 3mm 1/4 5kg,Wok,BTL à 5 kg,,5,,,,31,,Kellenberger,,
36972,Lattich Blatt Beutel à 500g (bestellen bis 15.00 Uhr),Wok,BTL,,,,,,6.5,,Kellenberger,2026-04-01,
37008,Rotkabis für Salat 1mm 500g BTL / Bestellung bis 15.00 Uhr,Sushi,BTL,,,,,,4.05,,Kellenberger,2026-04-01,
37158,Gemüsemischung Nooch 2 - BTL à 4kg ( Bestellung bis 8.30 Uhr ),Wok,BTL à 4 KG,1,4,,,,33,,Kellenberger,,
40045,Krebsschwänze gekocht ohne Schale in Lake 900g,Sushi,DS,,0.9,,,,32,,G. Bianchi AG,,
42131,TK Rinds Geschnetzeltes FWG CH 4 x 2.5 kg,Wok,KRT à 10 KG,,,,,,25.9,,G. Bianchi AG,2026-04-01,
42478,Rinds Hackfleisch Premium 8 mm CH,Wok,Btl,0,3,,1,3,18.9,,G. Bianchi AG,,Kühl lagern
42721,Rinds Hackfleisch Premium 3 mm CH,Wok,KG,,,,,,18.9,,G. Bianchi AG,2026-04-01,
60031,"Trüffelöl weiss, FL à 500ml",Nooch,FL,1,0.5,,,,15,,G. Bianchi AG,,Kühl lagern
61146,Mozzarella Bufala Bocconcini KRT à 6 BE (20x25g),Nooch,KRT à 6 BE,,,,,,62.88,,Kellenberger,2026-04-01,
61180,Philadelphia Nature 1.65kg Bidon,Sushi,BID,,1.65,,,,18.47,,Kellenberger,,
61181,Philadelphia Nature 5x200g STK,Sushi,KRT à 5 STK,,,,,,13.4,,Kellenberger,2026-04-01,
61395,Cheddar Scheiben rot 1kg,Sushi,BTL,,1,,,,13.35,,Kellenberger,,
62677,UMAMI Microgreens Meerrettich à 80 g ( Vorbestellung 1 Tag ),Nooch,SCH,,0.08,,,,9.25,,G. Bianchi AG,,
63021,"TK Vegan NoMince NL, 2kg",Wok,KRT à 2 kg,,,,,,18.9,,G. Bianchi AG,2026-04-01,
91089,Eier CH Freiland +63g weiss SGA 60 STK,Wok,KRT à 60 STK,,,,,,25.8,,Kellenberger,2026-04-01,
104802,TK Vuna Garden Gourmet 3x2kg,,KRT à 6 KG,,,,,,115.14,,Stutzer Service AG,2026-04-01,
104816,Frühlingszwiebeln / BTL 100g BTL,,BTL,,,,,,1.65,,Stutzer Service AG (Frischprodukte aus Thailand 1 Woche im Voraus bestellen),2026-04-01,
104817,"Frühlingszwiebeln, Beutel à 500 g",,BTL,,,,,,6.65,,Stutzer Service AG (Frischprodukte aus Thailand 1 Woche im Voraus bestellen),2026-04-01,
104818,Gewürzlauch Blätter / Beutel à 100g,,BTL,,,,,,1.45,,Stutzer Service AG (Frischprodukte aus Thailand 1 Woche im Voraus bestellen),2026-04-01,
104845,Wasserspinat / BTL à 250g,,BTL,,,,,,3.59,,Stutzer Service AG (Frischprodukte aus Thailand 1 Woche im Voraus bestellen),2026-04-01,
120066,Basilikum süss HORAPA / BTL à 100g,,BTL,,,,,,2,,Stutzer Service AG (Frischprodukte aus Thailand 1 Woche im Voraus bestellen),2026-04-01,
120074,Koreander mit Wurzel (Thailand) / 100g BTL,,BTL,,,,,,2.25,,Stutzer Service AG (Frischprodukte aus Thailand 1 Woche im Voraus bestellen),2026-04-01,
120077,Pak Choi / Beutel à 250g,,BTL,,,,,,3.9,,Stutzer Service AG (Frischprodukte aus Thailand 1 Woche im Voraus bestellen),2026-04-01,
120078,Schlangen Bohnen / BTL à 500g,,BTL,,,,,,7.7,,Stutzer Service AG (Frischprodukte aus Thailand 1 Woche im Voraus bestellen),2026-04-01,
200493,Frigemo Waldbeerenmischung / Krt. à 2x2.5KG TK,Dessert,KRT à 5 KG,,,,,,43.7,,Kellenberger,2026-04-01,
202705,Soufflè al cioccolato TK / KRT à 12x100g STK,Dessert,KRT à 12 STK,,,,,,22.8,,Kellenberger,2026-04-01,
203619,"Edamame Tempura kg Kaeppeli, 8x0.5kg BTL",Wok,KRT à 8 BTL,,,,,,140.4,,Kellenberger,2026-04-01,
204153,Frigemo Sweet Potatoe Fries TK / KRT à 5x2.27kg Beutel,Nooch,KRT à 5 BTL,,5,,,,88.45,,Kellenberger,,
205967,WIES TK Mango Passionsfr. Patisserie 24x90g,Service,KRT à 24 STK,,2.16,,,,93.6,,Kellenberger,,
207089,Hiltl Tatar / 7x2kg TK,Sushi,KRT à 14 KG,,14,,,,322.7,,Kellenberger,,
300774,TK Gelato Raffaello 5 lt BID,Dessert,BID,,,,,,69.65,,Kellenberger,2026-04-01,
300776,"TK Minou Onice 30x48gr KRT ""Glace Lolly""",Dessert,KRT à 30 STK,,1.44,,,,62.7,,Kellenberger,,
300777,"TK Minou Rubino 30x48gr KRT ""Glace Lolly""",Dessert,KRT à 30 STK,,1.44,,,,62.7,,Kellenberger,,
301484,"TK Minou Zaffiro 30x48gr KRT ""Glace Lolly""",Dessert,KRT à 30 STK,,1.44,,,,62.7,,Kellenberger,,
340105,Feinkristallzucker 10 x 1 kg,Wok,PAK à 10 STK,,,,,,13.8,,Saviva Food Services,2026-04-01,
340462,Puderzucker 10 x 500 g,Dessert,PAK à 10 SAC,,,,,,18,,Saviva Food Services,2026-04-01,
351168,High Oleic Sonnenblumenöl 1 x 20 lt,Nooch,BOX,1,20,,,,91.8,,Saviva Food Services,,
353789,"Chilli-Öl 1 x 0,5 lt",Nooch,FL,,0.5,,,,15.8,,Saviva Food Services,,
376433,Sternanis ganz 1 x 100 g,Wok,DS,,,,,,10.15,,Saviva Food Services,2026-04-01,
385228,"Pfeffer weiss, gemahlen 1 x 440 g",Wok,DS,,,,,,21.39,,Saviva Food Services,2026-04-01,
385265,"Pfeffer schwarz, gemahlen 1 x 450 g",Wok,DS,,,,,,18.22,,Saviva Food Services,2026-04-01,
400101,JuraSel Speisesalz fluor- und jodhaltig 10 x 1 kg,Wok,CT à 10 PAK,,,,,,14.6,,Saviva Food Services,2026-04-01,
446415,Backpulver 1 x 1 kg,Wok,SAC,,,,,,5.69,,Saviva Food Services,2026-04-01,
525623,"Professional Bouillon Rind 2 x 0,8 lt",Wok,CT à 2 GL,,,,,,42.78,,Saviva Food Services,2026-04-01,
533708,Kartoffelstärkemehl 1 x 5 kg,,SAC,,,,,,24.1,,Saviva Food Services,2026-04-01,
901444,Zimt gemahlen 1 x 200 g,Wok,DS,,,,,,11,,Saviva Food Services,2026-04-01,
901577,Tomato Ketchup 1 x 5 kg,,EIM,,,,,,23.83,,Saviva Food Services,2026-04-01,
903152,Tomatenpurée 20 x 300 g,,CT à 20 TUB,,,,,,61,,Saviva Food Services,2026-04-01,
904160,Limettensaft 6 x 50 cl,,CT à 6 FL,,,,,,14.78,,Saviva Food Services,2026-04-01,
904965,Weissmehl Typ 550 Premium 10 x 1 kg,,CT à 10 PAK,,,,,,19.4,,Saviva Food Services,2026-04-01,
907019,BELFOR Weissmehl Typ 550 10 x 1 kg,,CT à 10 PAK,,,,,,14.5,,Saviva Food Services,2026-04-01,
907445,"Jalapeños in Scheiben 6 x 2,75 kg",Sushi,CT à 6 DS,,16.5,,,,75.072,,Saviva Food Services,,
908505,Büffel Mozzarella DOP 25 x 20 g,Nooch,SCH,,0.5,,,,9.95,,Saviva Food Services,,
908715,Quinoa rot 1 x 5 kg,Sushi,SAC,,5,,,,54.2,,Saviva Food Services,,
908993,"Würzsauce N° 1 3 x 0,5 lt",Wok,CT à 3 FL,,,,,,36.6,,Saviva Food Services,2026-04-01,
909474,Kreuzkümmel gemahlen 1 x 250 g,Wok,DS,,,,,,16.98,,Saviva Food Services,2026-04-01,
909517,Bio Kokosnuss Schnitze 1 x 1 kg,,SAC,,,,,,30.6,,Saviva Food Services,2026-04-01,
909586,"Bouillon Gemüse okA 1 x 3,5 kg",Nooch,BTL,,3.5,,,,68.72,,Saviva Food Services,,
909880,Bio Amaranth gepufft 1 x 150 g,,BTL,,,,,,4.8,,Saviva Food Services,2026-04-01,
910253,Biscoff Karamellgebäck gemahlen 8 x 750 g,,CT à 8 PAK,,,,,,50.24,,Saviva Food Services,2026-04-01,
915438,Chipotles molido 1 x 220 g,,FL,,,,,,3.57,,Saviva Food Services,2026-04-01,
920086,Shichimi Togarashi grob 1 x 200 g,Sushi,DS,,,,,,17.45,,Saviva Food Services,2026-04-01,
922168,"Meersalz grob 1 x 2,5 kg",Wok,SAC,,,,,,5.84,,Saviva Food Services,2026-04-01,
922170,Meersalz fein 6 x 1 kg,Wok,CT à 6 SAC,,,,,,17.64,,Saviva Food Services,2026-04-01,
924759,Umami Style 1 x 470 ml,Wok,DS,,,,,,13.15,,Saviva Food Services,2026-04-01,
932251,"Jalapeños in Scheiben 3 x 2,75 kg",Sushi,CT à 3 DS,,8.25,,,,40.8,,Saviva Food Services,,
1021*,"Chili rot offen, kg (scharf)",Wok,KG,,1,,,,26.54,,Kellenberger,,
1161*,Limes 1 KG,Wok,KG,,,,,,4.13,,Kellenberger,2026-04-01,
1757*,"FWG Naka Bay Sauce, 10x 1.2kg",,KRT à 12 kg,,,,,,158.64,,The Asia Company SA,2026-04-01,
1935*,"FWG TK Gyoza Trüffel, KRT à 200 Stück",,KRT à 200 STK,,,,,,84,,The Asia Company SA,2026-04-01,
4080*,NONGSHIM Red Chili Pepper Powder 500g BTL,,BTL,,,,,,10,,The Asia Company SA,2026-04-01,
5671*,VIGNOLA schwarzer Reis / KRT à 2x5kg,,KRT à 10 KG,,,,,,55.2,,The Asia Company SA,2026-04-01,
7501*,MSC Yellowfin Tuna Plate Cut Loins Grade 2 - KRT à 15kg,,KRT à 15 KG,,,,,,370.5,,The Asia Company SA,2026-04-01,
7552a,SHIRAKIKU Tobikko Orange 500gr Schale,,SCH,,,,,,26.19,,The Asia Company SA,2026-04-01,
WB1,Würz Blüten Mix DS à 50g (Alternative)/ Bestellschluss Mittwoch 10:00 Uhr,Sushi,DS,,,,,,16,,FWG Einkauf,2026-04-01,Kühl lagern