Timestamp,Worker,Code,Action,Archived On
2026-03-25,Nico,MEP001,done,
2026-03-25,Nico,MEP001,done,
2026-03-25,Nico,MEP002,done,
2026-03-26,Ibrahim,MEP001,done,
2026-03-26,Ibrahim,MEP001,done,
2026-03-26,Rak,MEP002,done,
2026-03-26,Rak,MEP001,used,
2026-03-26,Rak,MEP001,produce,
2026-03-26,David,MEP002,done,
2026-03-26,David,MEP001,done,
2026-03-27,Aryan,MEP001,done,
2026-03-27,Aryan,MEP002,done,
2026-03-28,David,MEP002,done,
2026-03-28,Golfi,MEP003,produce,
2026-03-28,Nico,MEP001,done,
2026-03-28,Nico,MEP002,done,
2026-03-28,Uthai,MEP017,done,
2026-03-28,Pla,MEP017,done,
2026-03-28,Pla,MEP017,done,
2026-03-28,Pla,MEP015,done,
2026-03-28,Pla,MEP015,done,
2026-03-28,Pla,MEP017,waste,
2026-03-28,Pla,MEP017,produce,
2026-03-29,Aryan,MEP007,done,
2026-03-29,David,MEP007,done,
2026-03-29,Ibrahim,MEP015,done,
2026-03-29,Ibrahim,MEP015,done,
2026-03-29,Ibrahim,MEP002,done,
2026-03-29,Ibrahim,MEP002,done,
2026-03-29,Ibrahim,MEP002,done,
2026-03-29,Nico,MEP002,used,
2026-03-29,Nico,MEP002,produce,
2026-03-29,Pla,MEP002,waste,
2026-03-29,Pla,MEP002,produce,
2026-03-29,Ibrahim,MEP001,done,
2026-03-29,Boy,MEP001,done,
2026-03-29,Golfi,MEP005,done,
2026-03-29,David,MEP007,done,
2026-03-29,Uthai,MEP008,done,
2026-03-29,David,MEP017,done,
2026-03-29,David,MEP015,done,
2026-03-29,David,MEP015,waste,
2026-03-29,David,MEP015,produce,
2026-03-29,David,MEP002,done,
2026-03-29,David,MEP015,used,
2026-03-29,David,MEP015,produce,
2026-03-29,David,MEP001,used,
2026-03-29,David,MEP001,produce,
2026-03-29,Pla,MEP005,done,
2026-03-29,Golfi,MEP013,done,
2026-03-29,Jeab,MEP015,done,
2026-03-29,Jeab,MEP017,done,
2026-03-29,Jeab,MEP017,done,
2026-03-30,Jeab,MEP017,done,
2026-03-30,Jeab,MEP017,done,
2026-03-30,Jeab,MEP017,done,
2026-03-30,Jeab,MEP015,done,
2026-03-30,Jeab,MEP015,done,
2026-03-30,Jeab,MEP017,done,
2026-03-30,Jeab,MEP017,done,
2026-03-30,Jeab,MEP001,done,
2026-03-30,Jeab,MEP001,done,
2026-03-30,Jeab,MEP017,waste,
2026-03-30,Jeab,MEP017,produce,
2026-03-30,Golfi,MEP001,produce,
2026-03-30,Ibrahim,MEP015,used,
2026-03-30,Ibrahim,MEP015,produce,
2026-03-30,Ibrahim,MEP015,used,
2026-03-30,Ibrahim,MEP015,produce,
2026-03-30,Ibrahim,MEP015,done,
2026-03-30,Ibrahim,MEP015,done,
2026-03-30,Ibrahim,MEP015,done,
2026-03-30,David,MEP015,used,
2026-03-30,David,MEP015,produce,
2026-03-30,David,MEP015,waste,
2026-03-30,David,MEP015,produce,
2026-03-30,David,MEP015,waste,
2026-03-30,David,MEP015,produce,
2026-03-30,David,MEP015,done,
2026-03-30,David,MEP015,done,
2026-03-30,David,MEP017,done,
2026-03-30,David,MEP017,done,
2026-03-30,David,MEP017,waste,
2026-03-30,David,MEP017,produce,
2026-03-31,Rak,MEP015,done,
2026-03-31,Chen,MEP015,done,
2026-03-31,Chen,MEP015,done,
2026-03-31,Chen,MEP015,used,
2026-03-31,Chen,MEP015,produce,
2026-04-01,Nico,MEP015,done,
2026-04-01,Jeab,MEP015,done,
2026-04-02,Ibrahim,MEP017,done,
2026-04-02,Pla,MEP017,done,
2026-04-02,Aryan,MEP015,done,
2026-04-03,Aryan,MEP015,done,
2026-04-03,Aryan,MEP015,done,
2026-04-03,Aryan,MEP017,done,
